<customactions>

	<reference path = "EventCalendar/Methods/getDisplayedMonth">
		<p class = "titleStyle">EventCalendar.getDisplayedMonth</p>

		<p class = "subTitle">Availability</p>
		<p>Flash Player 6.</p>
 
 		<p class = "subTitle">Usage</p>
		<p class = "codeStyle"><I>myCalendar.getDisplayedMonth()</I></p>

		<p class = "subTitle">Parameters</p>
		<p><I>none </I></p>

		<p class = "subTitle">Returns</p>
		<p><I>string</I> containing the name of the current displayed month</p>
		
		<p class = "subTitle">Description</p>
		<p>Method; returns a string containing the name of the current displayed month</p>

		
	</reference>
	<reference path = "EventCalendar/Methods/getDisplayedYear">
		<p class = "titleStyle">EventCalendar.getDisplayedYear</p>

		<p class = "subTitle">Availability</p>
		<p>Flash Player 6.</p>
 
 		<p class = "subTitle">Usage</p>
		<p class = "codeStyle"><I>myCalendar.getDisplayedYear()</I></p>

		<p class = "subTitle">Parameters</p>
		<p><I>none </I></p>

		<p class = "subTitle">Returns</p>
		<p><I>string</I> containing the current displayed year</p>
		
		<p class = "subTitle">Description</p>
		<p>Method; returns a string containing the current displayed year. eg: 2003</p>

		
	</reference>
	<reference path = "EventCalendar/Methods/getEventDivider">
		<p class = "titleStyle">EventCalendar.getEventDivider</p>

		<p class = "subTitle">Availability</p>
		<p>Flash Player 6.</p>
 
 		<p class = "subTitle">Usage</p>
		<p class = "codeStyle"><I>myCalendar.getEventDivider()</I></p>

		<p class = "subTitle">Parameters</p>
		<p><I>none </I></p>

		<p class = "subTitle">Returns</p>
		<p><I>string</I> containing the string used to divide event entries</p>
		
		<p class = "subTitle">Description</p>
		<p>Method; returns a string containing the string used to divide event entries. eg: "-------"</p>

		
	</reference>
	<reference path = "EventCalendar/Methods/getXMLscript">
		<p class = "titleStyle">EventCalendar.getXMLscript</p>

		<p class = "subTitle">Availability</p>
		<p>Flash Player 6.</p>
 
 		<p class = "subTitle">Usage</p>
		<p class = "codeStyle"><I>myCalendar.getXMLscript()</I></p>

		<p class = "subTitle">Parameters</p>
		<p><I>none </I></p>

		<p class = "subTitle">Returns</p>
		<p><I>string</I> containing the name of a server script</p>
		
		<p class = "subTitle">Description</p>
		<p>Method; returns a string containing the name of the server script that the XML events data is sent to. By default this is set to <I>generatexml.php</I></p>

		
	</reference>
	<reference path = "EventCalendar/Methods/getEventsFilename">
		<p class = "titleStyle">EventCalendar.getEventsFilename</p>

		<p class = "subTitle">Availability</p>
		<p>Flash Player 6.</p>
 
 		<p class = "subTitle">Usage</p>
		<p class = "codeStyle"><I>myCalendar.getEventsFilename()</I></p>

		<p class = "subTitle">Parameters</p>
		<p><I>none </I></p>

		<p class = "subTitle">Returns</p>
		<p><I>string</I> containing the name of a xml document</p>
		
		<p class = "subTitle">Description</p>
		<p>Method; returns a string containing the name of the XML document containing the events data. By default this is set to <I>events.xml</I></p>

		
	</reference>
	<reference path = "EventCalendar/Methods/setEventsFilename">
		<p class = "titleStyle">EventCalendar.setEventsFilename</p>

		<p class = "subTitle">Availability</p>
		<p>Flash Player 6.</p>
 
 		<p class = "subTitle">Usage</p>
		<p class = "codeStyle"><I>myCalendar.setEventsFilename("myevents.xml")</I></p>

		<p class = "subTitle">Parameters</p>
		<p><I>string </I>containing the name of an xml document</p>

		<p class = "subTitle">Returns</p>
		<p>none</p>
		
		<p class = "subTitle">Description</p>
		<p>Method; sets the name of the XML document containing the events data.</p>

		
	</reference>
	<reference path = "EventCalendar/Methods/setXMLscript">
		<p class = "titleStyle">EventCalendar.setXMLscript</p>

		<p class = "subTitle">Availability</p>
		<p>Flash Player 6.</p>
 
 		<p class = "subTitle">Usage</p>
		<p class = "codeStyle"><I>myCalendar.setXMLscript("savedata.cgi")</I></p>

		<p class = "subTitle">Parameters</p>
		<p><I>string </I>containing the name of a server script</p>

		<p class = "subTitle">Returns</p>
		<p>none</p>
		
		<p class = "subTitle">Description</p>
		<p>Method; sets the name of the server script to which the events data is sent.</p>

		
	</reference>
	<reference path = "EventCalendar/Methods/setEventDivider">
		<p class = "titleStyle">EventCalendar.setEventDivider</p>

		<p class = "subTitle">Availability</p>
		<p>Flash Player 6.</p>
 
 		<p class = "subTitle">Usage</p>
		<p class = "codeStyle"><I>myCalendar.setEventDivider("++++++++")</I></p>

		<p class = "subTitle">Parameters</p>
		<p><I>string </I></p>

		<p class = "subTitle">Returns</p>
		<p>none</p>
		
		<p class = "subTitle">Description</p>
		<p>Method; sets the string that is used to divide event entries</p>

		
	</reference>
	<reference path = "EventCalendar/Methods/setButtonTitles">
		<p class = "titleStyle">EventCalendar.setButtonTitles</p>

		<p class = "subTitle">Availability</p>
		<p>Flash Player 6.</p>
 
 		<p class = "subTitle">Usage</p>
		<p class = "codeStyle"><I>myCalendar.setButtonTitles(nextTitle,prevTitle)</I></p>

		<p class = "subTitle">Parameters</p>
		<p><I>string, string </I></p>

		<p class = "subTitle">Returns</p>
		<p>none</p>
		
		<p class = "subTitle">Description</p>
		<p>Method; sets the names of the next and previous month buttons</p>
		
		<p class = "subTitle">Example</p>
		<p class = "codeStyle">myCalendar.setButtonTitles("next","back")</p>

		
	</reference>
	<reference path = "EventCalendar/Methods/showNextMonth">
		<p class = "titleStyle">EventCalendar.showNextMonth</p>

		<p class = "subTitle">Availability</p>
		<p>Flash Player 6.</p>
 
 		<p class = "subTitle">Usage</p>
		<p class = "codeStyle"><I>myCalendar.showNextMonth()</I></p>

		<p class = "subTitle">Parameters</p>
		<p><I>none</I></p>

		<p class = "subTitle">Returns</p>
		<p>none</p>
		
		<p class = "subTitle">Description</p>
		<p>Method; displays the next month</p>
	
	</reference>
	<reference path = "EventCalendar/Methods/showPreviousMonth">
		<p class = "titleStyle">EventCalendar.showPreviousMonth</p>

		<p class = "subTitle">Availability</p>
		<p>Flash Player 6.</p>
 
 		<p class = "subTitle">Usage</p>
		<p class = "codeStyle"><I>myCalendar.showPreviousMonth()</I></p>

		<p class = "subTitle">Parameters</p>
		<p><I>none</I></p>

		<p class = "subTitle">Returns</p>
		<p>none</p>
		
		<p class = "subTitle">Description</p>
		<p>Method; displays the previous month after the displayed month</p>
	
	</reference>
	<reference path = "EventCalendar/Methods/resetMonth">
		<p class = "titleStyle">EventCalendar.resetMonth</p>

		<p class = "subTitle">Availability</p>
		<p>Flash Player 6.</p>
 
 		<p class = "subTitle">Usage</p>
		<p class = "codeStyle"><I>myCalendar.resetMonth()</I></p>

		<p class = "subTitle">Parameters</p>
		<p><I>none</I></p>

		<p class = "subTitle">Returns</p>
		<p>none</p>
		
		<p class = "subTitle">Description</p>
		<p>Method; re-draws the currently displayed month</p>
	
	</reference>
	<reference path = "EventCalendar/Methods/setTextFormatting">
		<p class = "titleStyle">EventCalendar.setTextFormatting</p>

		<p class = "subTitle">Availability</p>
		<p>Flash Player 6.</p>
 
 		<p class = "subTitle">Usage</p>
		<p class = "codeStyle"><I>myCalendar.setTextFormatting(textFormat)</I></p>

		<p class = "subTitle">Parameters</p>
		<p><I>TextFormat Object</I> a text format object created using <i>new TextFormat()</i> </p>

		<p class = "subTitle">Returns</p>
		<p>none</p>
		
		<p class = "subTitle">Description</p>
		<p>Method; sets the text formatting for the buttons, month, year, days of week and cell numbers</p>
		<p>Example code; 
		myTextFormat = new TextFormat();
		myTextFormat.bold =true;
		myTextFormat.font = "Times new roman";
		myCalendar.setTextFormatting(myTextFormat);</p>
	
	</reference>
	<reference path = "EventCalendar/Methods/showDay">
		<p class = "titleStyle">EventCalendar.showDay</p>

		<p class = "subTitle">Availability</p>
		<p>Flash Player 6.</p>
 
 		<p class = "subTitle">Usage</p>
		<p class = "codeStyle"><I>myCalendar.showDay(day)</I></p>

		<p class = "subTitle">Parameters</p>
		<p><I>integer</I> day, between 1 and 31</p>

		<p class = "subTitle">Returns</p>
		<p>none</p>
		
		<p class = "subTitle">Description</p>
		<p>Method; displays the event details for the specific day passed to the method. The day is for the currently displayed month.</p>
	
	</reference>
	<reference path = "EventCalendar/Methods/editEvent">
		<p class = "titleStyle">EventCalendar.editEvent</p>

		<p class = "subTitle">Availability</p>
		<p>Flash Player 6.</p>
 
 		<p class = "subTitle">Usage</p>
		<p class = "codeStyle"><I>myCalendar.editEvent(eventID)</I></p>

		<p class = "subTitle">Parameters</p>
		<p><I>integer</I> id number for a particular event</p>

		<p class = "subTitle">Returns</p>
		<p>none</p>
		
		<p class = "subTitle">Description</p>
		<p>Method; displays the edit event details window for the event as specified by eventID</p>
	
	</reference>
	<reference path = "EventCalendar/Methods/showNewEventWindow">
		<p class = "titleStyle">EventCalendar.showNewEventWindow</p>

		<p class = "subTitle">Availability</p>
		<p>Flash Player 6.</p>
 
 		<p class = "subTitle">Usage</p>
		<p class = "codeStyle"><I>myCalendar.showNewEventWindow()</I></p>

		<p class = "subTitle">Parameters</p>
		<p><I>none</I> </p>

		<p class = "subTitle">Returns</p>
		<p>none</p>
		
		<p class = "subTitle">Description</p>
		<p>Method; displays the new event details window</p>
	
	</reference>
	<reference path = "EventCalendar/Methods/loadEventsXML">
		<p class = "titleStyle">EventCalendar.loadEventsXML</p>

		<p class = "subTitle">Availability</p>
		<p>Flash Player 6.</p>
 
 		<p class = "subTitle">Usage</p>
		<p class = "codeStyle"><I>myCalendar.loadEventsXML()</I></p>

		<p class = "subTitle">Parameters</p>
		<p><I>none</I> </p>

		<p class = "subTitle">Returns</p>
		<p>none</p>
		
		<p class = "subTitle">Description</p>
		<p>Method; loads the events xml document</p>
	
	</reference>
	<reference path = "EventCalendar/Methods/generateXML">
		<p class = "titleStyle">EventCalendar.generateXML</p>

		<p class = "subTitle">Availability</p>
		<p>Flash Player 6.</p>
 
 		<p class = "subTitle">Usage</p>
		<p class = "codeStyle"><I>myCalendar.generateXML()</I></p>

		<p class = "subTitle">Parameters</p>
		<p><I>none</I> </p>

		<p class = "subTitle">Returns</p>
		<p>none</p>
		
		<p class = "subTitle">Description</p>
		<p>Method; generates the XML for the current events calendar. This is equivalent to clicking on the 'Save Data' button if in xmlDynamic mode, or clicking on 'Create XML' if in xmlStatic mode.</p>
	
	</reference>

	<reference path = "EventCalendar/Properties/todayDate">
		 <p class = "titleStyle">EventCalendar.todayDate</p>
		 <p class = "subTitle">Availability</p>
		 <p>Flash Player 6.</p>
		 
		 <p class = "subTitle">Usage</p>
		 <p class = "codeStyle"><I>EventCalendar.todayDate</I></p>
		 
		 <p class = "subTitle">Description</p>
		 <p>Property; A date object representing the currently displayed date on the calendar. If you change the date you will need to call resetMonth() to redraw the month </p>
	</reference>
	
	
		
</customactions>