<customactions>

   <actionspanel>
      <folder name="Event Calendar" id="EventCalendar" index="true" tiptext="Event Calendar" version="6">
            <folder name="Methods" id="Methods" tiptext="Event Calendar methods" version="6">
               <string name="getDisplayedMonth" tiptext="Gets the current month" text=".getDisplayedMonth()" object="EventCalendar" version="6"/>
               <string name="getDisplayedYear" tiptext="Gets the current year" text=".getDisplayedYear()" object="EventCalendar" version="6"/>
               <string name="getEventDivider" tiptext="Gets the divider string" text=".getEventDivider()" object="EventCalendar" version="6"/>
               <string name="setEventDivider" tiptext="Sets the divider string" text=".setEventDivider(% value %)" object="EventCalendar" version="6"/>
               <string name="setXMLscript" tiptext="Sets the xml server script" text=".setXMLscript(% value %)" object="EventCalendar" version="6"/>
               <string name="getXMLscript" tiptext="Gets the xml server script" text=".getXMLscript()" object="EventCalendar" version="6"/>
               <string name="getEventsFilename" tiptext="Gets the events xml doc name" text=".getEventsFilename()" object="EventCalendar" version="6"/>
               <string name="setEventsFilename" tiptext="Sets the events xml doc name" text=".setEventsFilename(% value %)" object="EventCalendar" version="6"/>
               <string name="showNextMonth" tiptext="Shows the next month" text=".showNextMonth()" object="EventCalendar" version="6"/>
               <string name="showPreviousMonth" tiptext="Shows the previous month" text=".showPreviousMonth()" object="EventCalendar" version="6"/>
               <string name="resetMonth" tiptext="Re draws the month" text=".resetMonth()" object="EventCalendar" version="6"/>
               <string name="setTextFormatting" tiptext="Set text formatting" text=".setTextFormatting(% value %)" object="EventCalendar" version="6"/>
               <string name="showDay" tiptext="Shows details for day" text=".showDay(% value %)" object="EventCalendar" version="6"/>
               <string name="editEvent" tiptext="Shows edit event window" text=".editEvent(% value %)" object="EventCalendar" version="6"/>
               <string name="loadEventsXML" tiptext="Loads the events xml doc" text=".loadEventsXML()" object="EventCalendar" version="6"/>
               <string name="generateXML" tiptext="Generates the xml" text=".generateXML()" object="EventCalendar" version="6"/>
               <string name="showNewEventWindow" tiptext="Shows the new event window" text=".showNewEventWindow()" object="EventCalendar" version="6"/>


            </folder>
  <folder name="Properties" id="Properties" tiptext="EventCalendar Properties" version="6">              
               <string name="todayDate" tiptext="The currently displayed date" text=".todayDate" object="EventCalendar" version="6"/>

            </folder>

	</folder>
   </actionspanel>
   
   <colorsyntax>
      <identifier text="EventCalendar"/>
      <identifier text=".getDisplayedMonth"/>
      <identifier text=".getDisplayedYear"/>
      <identifier text=".getEventDivider"/>
      <identifier text=".setEventDivider"/>
      <identifier text=".setXMLscript"/>
      <identifier text=".getXMLscript"/>
      <identifier text=".getEventsFilename"/>
      <identifier text=".setEventsFilename"/>
      <identifier text=".setTextFormatting"/>
      <identifier text=".showNextMonth"/>
      <identifier text=".showPreviousMonth"/>
      <identifier text=".resetMonth"/>
      <identifier text=".showDay"/>
      <identifier text=".editEvent"/>
      <identifier text=".loadEventsXML"/>
      <identifier text=".generateXML"/>
      <identifier text=".showNewEventWindow"/>
      <identifier text=".setButtonTitles"/>


   </colorsyntax>
   
   <codehints>
      <typeinfo pattern="*_ec" object="EventCalendar"/>
   </codehints>
   
</customactions>
