<events>
 <item id="0">
   <title>Group Meeting</title>
   <description>A chance to discuss how the project is going</description>
   <startDate>2003-1-23</startDate>
   <endDate>2003-1-23</endDate>
 </item>
 <item id="1">
   <title>Planning week</title>
   <description>Lots of planning and some research and development</description>
   <startDate>2003-1-7</startDate>
   <endDate>2003-1-11</endDate>
 </item>
 <item id="2">
   <title>Mike&apos;s Birthday</title>
   <description>The party starts here!</description>
   <startDate>2003-1-28</startDate>
   <endDate>2003-1-28</endDate>
 </item>
</events>