<LIST>  <HEADER WIDTH="100" NAME="fname">First Name</HEADER>  <HEADER WIDTH="100" NAME="lname">Last Name</HEADER>  <HEADER WIDTH="160" NAME="comp">Company</HEADER>  <HEADER WIDTH="100" NAME="title">Title</HEADER>   <ITEM>      <COLUMN NAME="fname">Steve</COLUMN>      <COLUMN NAME="lname">Rycroft</COLUMN>      <COLUMN NAME="comp" URL="http://www.friendsofed.com">friendsofed.com</COLUMN>      <COLUMN NAME="title">TE</COLUMN>   </ITEM>   <ITEM>      <COLUMN NAME="fname">Andrew</COLUMN>      <COLUMN NAME="lname">Tracey</COLUMN>      <COLUMN NAME="comp" URL="http://www.friendsofed.com">friendsofed.com</COLUMN>      <COLUMN NAME="title">CE</COLUMN>   </ITEM>   <ITEM>      <COLUMN NAME="fname">Bob</COLUMN>      <COLUMN NAME="lname">Smith</COLUMN>      <COLUMN NAME="comp">Bob's Autos</COLUMN>      <COLUMN NAME="title">Mechanic</COLUMN>   </ITEM>   <ITEM>      <COLUMN NAME="fname">Madonna</COLUMN>      <COLUMN NAME="comp" URL="http://www.madonnamusic.com">Madonna Music</COLUMN>      <COLUMN NAME="title">Musician</COLUMN>   </ITEM>   <ITEM>      <COLUMN NAME="fname">Jane</COLUMN>      <COLUMN NAME="lname">Smith</COLUMN>      <COLUMN NAME="comp" URL="http://www.another.com">ANOTHER.COM</COLUMN>      <COLUMN NAME="title">President</COLUMN>   </ITEM></LIST>