<customactions>

	<reference path = "Levitated Components/Particle Emitter/Number of Particles">
		<p class = "titleStyle">Number of Particles</p>

		<p class = "subTitle">Availability</p>
		<p>Flash Player 6.</p>
 
 		<p class = "subTitle">Description</p>
		<p>The total number of particles emitted over the lifetime of the Particle Emitter.  If this value is 0, the particle emitter emits particles indefinitely.


</p>

		<p class = "subTitle">Type</p>
		<p>number</p>

		<p class = "subTitle">Units</p>
		<p>integer count</p>
		
		<p class = "subTitle">Range</p>
		<p class = "codestyle">1 - infinite</p>
		
		<p class = "subTitle">Default Value</p>
		<p class = "codestyle">0 (infinite)</p>
	</reference>
	
	<reference path = "Levitated Components/Particle Emitter/Rate">
		<p class = "titleStyle">Rate</p>

		<p class = "subTitle">Availability</p>
		<p>Flash Player 6.</p>
 
 		<p class = "subTitle">Description</p>
		<p>The rate at which particles are emitted.  Every n milliseconds, a new particle is emitted.  The default value of 250ms emits approximately four particles every second. 


</p>

		<p class = "subTitle">Type</p>
		<p>number</p>

		<p class = "subTitle">Units</p>
		<p>milliseconds</p>
		
		<p class = "subTitle">Range</p>
		<p class = "codestyle">5 - maxinteger</p>
		
		<p class = "subTitle">Default Value</p>
		<p class = "codestyle">250</p>
	</reference>
	
	<reference path = "Levitated Components/Particle Emitter/Emitter Type">
		<p class = "titleStyle">Emitter Type</p>

		<p class = "subTitle">Availability</p>
		<p>Flash Player 6.</p>
 
 		<p class = "subTitle">Description</p>
		<p>Sets the way in which particles are ejected from the emitter.  Point creates all particles at the same point, letting the particles diffuse away from the emitter naturally, under their own guidance.  Spray emits particles in a powerful stream. 


</p>

		<p class = "subTitle">Type</p>
		<p>list</p>

		<p class = "subTitle">Values</p>
		<p class = "codestyle">Point, Spray</p>
		
		<p class = "subTitle">Default Value</p>
		<p class = "codestyle">Point</p>
	</reference>

	<reference path = "Levitated Components/Particle Emitter/Emitter Strength">
		<p class = "titleStyle">Emitter Strength</p>

		<p class = "subTitle">Availability</p>
		<p>Flash Player 6.</p>
 
 		<p class = "subTitle">Description</p>
		<p><i>For Sprays only</i>.  Determines the maximum initial velocity of particles emitted.  The higher the number, the faster the particles will move after being emitted.  Negative values will emit particles in the exact opposite direction of the emitter.  This value is ignored in for emitters of type Point. 


</p>

		<p class = "subTitle">Type</p>
		<p>number</p>

		<p class = "subTitle">Units</p>
		<p>pixels/frame</p>
		
		<p class = "subTitle">Range</p>
		<p class = "codestyle">any number</p>
		
		<p class = "subTitle">Default Value</p>
		<p class = "codestyle">5</p>
	</reference>

	<reference path = "Levitated Components/Particle Emitter/Emitter Spread">
		<p class = "titleStyle">Emitter Spread</p>

		<p class = "subTitle">Availability</p>
		<p>Flash Player 6.</p>
 
 		<p class = "subTitle">Description</p>
		<p><i>For Sprays only</i>.  Determines the angle of the arc in which particles are emitted.  For the emitter spread, the higher the number, the larger the sweep of the arc.  A value of 360 will cause a Spray emitter type to behavior much like a Point emitter type but with some degree of initial velocity as defined by Strength.  This value is ignored in for emitters of type Point.


</p>

		<p class = "subTitle">Type</p>
		<p>number</p>

		<p class = "subTitle">Units</p>
		<p>angles</p>
		
		<p class = "subTitle">Range</p>
		<p class = "codestyle">0-360</p>
		
		<p class = "subTitle">Default Value</p>
		<p class = "codestyle">0</p>
	</reference>

	<reference path = "Levitated Components/Particle Emitter/Particle Size">
		<p class = "titleStyle">Particle Size</p>

		<p class = "subTitle">Availability</p>
		<p>Flash Player 6.</p>
 
 		<p class = "subTitle">Description</p>
		<p>The size of the each particle after it has fully grown and before it begins to shrink.  This value assumes that the total width of the particle graphic is 100 pixels.  The size of a particle can be randomly modified by Particle Size Variation.


</p>

		<p class = "subTitle">Type</p>
		<p>number</p>

		<p class = "subTitle">Units</p>
		<p>pixels</p>
		
		<p class = "subTitle">Range</p>
		<p class = "codestyle">1 - maxinteger</p>
		
		<p class = "subTitle">Default Value</p>
		<p class = "codestyle">20</p>
	</reference>

	<reference path = "Levitated Components/Particle Emitter/Particle Lifetime">
		<p class = "titleStyle">Particle Lifetime</p>

		<p class = "subTitle">Availability</p>
		<p>Flash Player 6.</p>
 
 		<p class = "subTitle">Description</p>
		<p>The total number of frames a particle exists before self-destructing.  The lifetime of a particle can be randomly modified with Lifetime Variation.


</p>

		<p class = "subTitle">Type</p>
		<p>number</p>

		<p class = "subTitle">Units</p>
		<p>frames</p>
		
		<p class = "subTitle">Range</p>
		<p class = "codestyle">1 - maxinteger</p>
		
		<p class = "subTitle">Default Value</p>
		<p class = "codestyle">100</p>
	</reference>

	<reference path = "Levitated Components/Particle Emitter/Particle Size Variation">
		<p class = "titleStyle">Particle Size Variation</p>

		<p class = "subTitle">Availability</p>
		<p>Flash Player 6.</p>
 
 		<p class = "subTitle">Description</p>
		<p>The random variation in size between emitted particles.  The larger the percentage, the greater the variation of size within the emitted particles.  A Particle Size of 10 with a Size Variation of 50 will produce particles from size 5 to size 15.  


</p>

		<p class = "subTitle">Type</p>
		<p>number</p>

		<p class = "subTitle">Units</p>
		<p>percentage</p>
		
		<p class = "subTitle">Range</p>
		<p class = "codestyle">0 - 100</p>
		
		<p class = "subTitle">Default Value</p>
		<p class = "codestyle">0</p>
	</reference>

	<reference path = "Levitated Components/Particle Emitter/Particle Lifetime Variation">
		<p class = "titleStyle">Particle Lifetime Variation</p>

		<p class = "subTitle">Availability</p>
		<p>Flash Player 6.</p>
 
 		<p class = "subTitle">Description</p>
		<p>The variation in the lifetime of each component.  The larger the percentage, the greater the range of expected lifetimes for particles.  The lifetime of a particle is measured in frames, and set in Particle Lifetime.


</p>

		<p class = "subTitle">Type</p>
		<p>number</p>

		<p class = "subTitle">Units</p>
		<p>percentage</p>
		
		<p class = "subTitle">Range</p>
		<p class = "codestyle">0 - 100</p>
		
		<p class = "subTitle">Default Value</p>
		<p class = "codestyle">0</p>
	</reference>

	<reference path = "Levitated Components/Particle Emitter/Particle Grow For">
		<p class = "titleStyle">Particle Grow For</p>

		<p class = "subTitle">Availability</p>
		<p>Flash Player 6.</p>
 
 		<p class = "subTitle">Description</p>
		<p>The percentage of time the particle will spend growing from nothing to its Particle Size.  A value of 0 emits particles that instantaneously grow to their Particle Size.  A value of 100 will emit a particle that gradually grows to its Particle Size over the course of its entire lifetime.  The Grow For and Shrink For particle values should not sum greater than 100.


</p>

		<p class = "subTitle">Type</p>
		<p>number</p>

		<p class = "subTitle">Units</p>
		<p>percentage</p>
		
		<p class = "subTitle">Range</p>
		<p class = "codestyle">0 - 100</p>
		
		<p class = "subTitle">Default Value</p>
		<p class = "codestyle">5</p>
	</reference>

	<reference path = "Levitated Components/Particle Emitter/Particle Shrink For">
		<p class = "titleStyle">Particle Shrink For</p>

		<p class = "subTitle">Availability</p>
		<p>Flash Player 6.</p>
 
 		<p class = "subTitle">Description</p>
		<p>The percentage of time the particle will spend shrinking from its Particle Size to nothing.  A value of 0 emits particles that never shrink in size.  A value of 100 emits particles that begin full size and gradually shrink to nothing over the course of their lifetime.  The Grow For and Shrink For values should not sum greater than 100.


</p>

		<p class = "subTitle">Type</p>
		<p>number</p>

		<p class = "subTitle">Units</p>
		<p>percentage</p>
		
		<p class = "subTitle">Range</p>
		<p class = "codestyle">0 - 100</p>
		
		<p class = "subTitle">Default Value</p>
		<p class = "codestyle">95</p>
	</reference>

	<reference path = "Levitated Components/Particle Emitter/Particle Fade For">
		<p class = "titleStyle">Particle Fade For</p>

		<p class = "subTitle">Availability</p>
		<p>Flash Player 6.</p>
 
 		<p class = "subTitle">Description</p>
		<p>The percentage of time the particle will spend fading into complete transparency.  A value of 0 will emit a particle that never fades.  A value of 50 will emit a particle that begins to fade in the middle of its lifetime and continues to fade until it disappears completely and self-destructs.


</p>

		<p class = "subTitle">Type</p>
		<p>number</p>

		<p class = "subTitle">Units</p>
		<p>percentage</p>
		
		<p class = "subTitle">Range</p>
		<p class = "codestyle">0 - 100</p>
		
		<p class = "subTitle">Default Value</p>
		<p class = "codestyle">0</p>
	</reference>

	<reference path = "Levitated Components/Particle Emitter/Particle Spin">
		<p class = "titleStyle">Particle Spin</p>

		<p class = "subTitle">Availability</p>
		<p>Flash Player 6.</p>
 
 		<p class = "subTitle">Description</p>
		<p>The range of angles that particles rotate each frame.  A value of 0 emits particles that do not rotate.


</p>

		<p class = "subTitle">Type</p>
		<p>number</p>

		<p class = "subTitle">Units</p>
		<p>angles</p>
		
		<p class = "subTitle">Range</p>
		<p class = "codestyle">-360 - 360</p>
		
		<p class = "subTitle">Default Value</p>
		<p class = "codestyle">0</p>
	</reference>

	<reference path = "Levitated Components/Particle Emitter/Particle Wandering">
		<p class = "titleStyle">Emitter Spread</p>

		<p class = "subTitle">Availability</p>
		<p>Flash Player 6.</p>
 
 		<p class = "subTitle">Description</p>
		<p>The degree to which particles wander after being emitted.  The default setting of wander produces some degree of random motion.  Wander Far and Wander Further produce more intense random motion.


</p>

		<p class = "subTitle">Type</p>
		<p>list</p>

		<p class = "subTitle">Values</p>
		<p class = "codestyle">None, Wander, Wander Far, Wander Further</p>
		
		<p class = "subTitle">Default Value</p>
		<p class = "codestyle">Wander</p>
	</reference>

	<reference path = "Levitated Components/Particle Emitter/Show Emitter Body">
		<p class = "titleStyle">Show Emitter Body</p>

		<p class = "subTitle">Availability</p>
		<p>Flash Player 6.</p>
 
 		<p class = "subTitle">Description</p>
		<p>A Boolean value specifying whether or not the Particle Emitter body should be shown.


</p>

		<p class = "subTitle">Type</p>
		<p>boolean</p>

		<p class = "subTitle">Range</p>
		<p class = "codestyle">true or false</p>
		
		<p class = "subTitle">Default Value</p>
		<p class = "codestyle">false</p>
	</reference>

	<reference path = "Levitated Components/Particle Emitter/Intermittent Emitter">
		<p class = "titleStyle">Intermittent Emitter</p>

		<p class = "subTitle">Availability</p>
		<p>Flash Player 6.</p>
 
 		<p class = "subTitle">Description</p>
		<p>A Boolean value allowing the emitter to occasionally skip the emission of a particle.  When set to true, the particle emitter produces approximately 80% of its normal rate, at varying intervals.


</p>

		<p class = "subTitle">Type</p>
		<p>boolean</p>

		<p class = "subTitle">Range</p>
		<p class = "codestyle">true or false</p>
		
		<p class = "subTitle">Default Value</p>
		<p class = "codestyle">false</p>
	
	</reference>

	<reference path = "Levitated Components/Particle Emitter/Gravity">
		<p class = "titleStyle">Gravity</p>

		<p class = "subTitle">Availability</p>
		<p>Flash Player 6.</p>
 
 		<p class = "subTitle">Description</p>
		<p>A constant affecting the vertical velocity of all particles.  Positive values for gravity will pull particles down towards the bottom of the screen, while negative values will do the opposite.  The higher the number, the stronger the displacement.  Negative gravity is levitation.


</p>
		<p class = "subTitle">Type</p>
		<p>number</p>

		<p class = "subTitle">Units</p>
		<p>pixels / second</p>
		
		<p class = "subTitle">Range</p>
		<p class = "codestyle">-maxinteger - maxinteger</p>
		
		<p class = "subTitle">Default Value</p>
		<p class = "codestyle">0</p>
		


	</reference>

	<reference path = "Levitated Components/Particle Emitter/Wind">
		<p class = "titleStyle">Emitter Spread</p>

		<p class = "subTitle">Availability</p>
		<p>Flash Player 6.</p>
 
 		<p class = "subTitle">Description</p>
		<p>A constant affecting the horizontal velocity of all particles.  Positive values of wind will push particles to the right, while negative values will do the opposite.  The higher the number, the stronger the displacement.


</p>

		<p class = "subTitle">Type</p>
		<p>number</p>

		<p class = "subTitle">Units</p>
		<p>pixels / second</p>
		
		<p class = "subTitle">Range</p>
		<p class = "codestyle">-maxinteger - maxinteger</p>
		
		<p class = "subTitle">Default Value</p>
		<p class = "codestyle">0</p>
	</reference>

</customactions>