<customactions>

   <actionspanel>
      <folder name="Levitated Components" id="LevitatedComponents" index="true" tiptext="Flash MX Components: Most Wanted  |  Levitated Component Set" version="6">
         <folder name="Particle Emitter" id="pEmitter" index="true" tiptext="Particle Emitter Component" version="6">
               <string name="Number of Particles" tiptext="Total number of particles emitted" text="Number of Particles" object="Number of Particles" version="6"/>
               <string name="Rate" tiptext="Particle creation rate" text="Rate" object="Rate" version="6"/>
               <string name="Emitter Type" tiptext="The behavior of the emitter" text="Emitter Type" object="Emitter Type" version="6"/>
               <string name="Emitter Strength" tiptext="Emitter Strength" text="Emitter Strength" object="Emitter Strength" version="6"/>
               <string name="Emitter Spread" tiptext="Emitter Spread" text="Emitter Spread" object="Emitter Spread" version="6"/>
               <string name="Particle Size" tiptext="Particle Size" text="Particle Size" object="Particle Size" version="6"/>
               <string name="Particle Lifetime" tiptext="Particle Lifetime" text="Particle Lifetime" object="Particle Lifetime" version="6"/>
               <string name="Particle Size Variation" tiptext="Particle Size Variation" text="Particle Size Variation" object="Particle Size Variation" version="6"/>
               <string name="Particle Lifetime Variation" tiptext="Particle Lifetime Variation" text="Particle Lifetime Variation" object="Particle Lifetime Variation" version="6"/>
               <string name="Particle Grow For" tiptext="Particle Grow For" text="Particle Grow For" object="Particle Grow For" version="6"/>
               <string name="Particle Shrink For" tiptext="Particle Shrink For" text="Particle Shrink For" object="Particle Shrink For" version="6"/>
               <string name="Particle Fade For" tiptext="Particle Fade For" text="Particle Fade For" object="Particle Fade For" version="6"/>
               <string name="Particle Spin" tiptext="Particle creation rate" text="Particle Spin" object="Particle Spin" version="6"/>
               <string name="Particle Wandering" tiptext="Particle Wandering" text="Particle Wandering" object="Particle Wandering" version="6"/>
               <string name="Show Emitter Body" tiptext="Show Emitter Body" text="Show Emitter Body" object="Show Emitter Body" version="6"/>
               <string name="Intermittent Emitter" tiptext="Intermittent Emitter" text="Intermittent Emitter" object="Intermittent Emitter" version="6"/>
               <string name="Gravity" tiptext="Gravity" text="Gravity" object="Gravity" version="6"/>
               <string name="Wind" tiptext="Wind" text="Wind" object="Wind" version="6"/>
         </folder>
      </folder>
   </actionspanel>
   
   <colorsyntax>
      <identifier text="Number of Particles"/>
      <identifier text="Rate"/>
      <identifier text="Emitter Type"/>
      <identifier text="Emitter Strength"/>
      <identifier text="Emitter Spread"/>
      <identifier text="Particle Size"/>
      <identifier text="Particle Lifetime"/>
      <identifier text="Particle Size Variation"/>
      <identifier text="Particle Lifetime Variation"/>
      <identifier text="Particle Grow For"/>
      <identifier text="Particle Shrink For"/>
      <identifier text="Particle Fade For"/>
      <identifier text="Particle Spin"/>
      <identifier text="Particle Wandering"/>
      <identifier text="Show Emitter Body"/>
      <identifier text="Intermitten Emitter"/>
      <identifier text="Gravity"/>
      <identifier text="Wind"/>
   </colorsyntax>
 
</customactions>
